trial,testing,parameters,initial_deadline,final_deadline,net_reward,actions,success
1,False,"{'a': 1.09, 'e': 1.0}",25,0,-141.26861887924935,"{0: 14, 1: 3, 2: 6, 3: 0, 4: 2}",0
2,False,"{'a': 0.99, 'e': 0.98}",30,13,-211.00267061716346,"{0: 7, 1: 2, 2: 3, 3: 1, 4: 4}",1
3,False,"{'a': 0.9, 'e': 0.9603999999999999}",20,0,-74.24832897152152,"{0: 12, 1: 5, 2: 2, 3: 0, 4: 1}",0
4,False,"{'a': 0.8190000000000001, 'e': 0.9411919999999999}",30,0,-115.54290903483272,"{0: 20, 1: 4, 2: 4, 3: 0, 4: 2}",0
5,False,"{'a': 0.7461, 'e': 0.9223681599999999}",20,1,-190.25259210835907,"{0: 7, 1: 2, 2: 7, 3: 0, 4: 3}",1
6,False,"{'a': 0.68049, 'e': 0.9039207967999999}",20,0,-52.77525879007048,"{0: 12, 1: 2, 2: 6, 3: 0, 4: 0}",0
7,False,"{'a': 0.621441, 'e': 0.8858423808639999}",20,0,-94.12262373444378,"{0: 11, 1: 1, 2: 6, 3: 2, 4: 0}",0
8,False,"{'a': 0.5682969000000001, 'e': 0.8681255332467199}",30,0,-171.77032696274537,"{0: 13, 1: 8, 2: 7, 3: 0, 4: 2}",0
9,False,"{'a': 0.5204672100000001, 'e': 0.8507630225817855}",30,9,-52.31374948777103,"{0: 13, 1: 4, 2: 3, 3: 1, 4: 0}",1
10,False,"{'a': 0.4774204890000001, 'e': 0.8337477621301498}",25,0,-82.20649390805805,"{0: 15, 1: 2, 2: 7, 3: 1, 4: 0}",0
11,False,"{'a': 0.4386784401000001, 'e': 0.8170728068875467}",25,0,-73.04255776476026,"{0: 16, 1: 5, 2: 3, 3: 0, 4: 1}",0
12,False,"{'a': 0.40381059609000003, 'e': 0.8007313507497958}",20,0,-49.61733698554284,"{0: 16, 1: 0, 2: 3, 3: 0, 4: 1}",0
13,False,"{'a': 0.3724295364810001, 'e': 0.7847167237347998}",20,0,-78.65796847039961,"{0: 13, 1: 2, 2: 4, 3: 0, 4: 1}",0
14,False,"{'a': 0.34418658283290005, 'e': 0.7690223892601038}",20,0,-81.28316223332874,"{0: 12, 1: 3, 2: 4, 3: 0, 4: 1}",0
15,False,"{'a': 0.3187679245496101, 'e': 0.7536419414749017}",20,8,-60.19436231777797,"{0: 8, 1: 0, 2: 3, 3: 0, 4: 1}",1
16,False,"{'a': 0.29589113209464907, 'e': 0.7385691026454038}",20,0,-142.46887160946284,"{0: 13, 1: 1, 2: 3, 3: 0, 4: 3}",0
17,False,"{'a': 0.27530201888518413, 'e': 0.7237977205924956}",20,0,-94.49264469327998,"{0: 14, 1: 2, 2: 2, 3: 0, 4: 2}",0
18,False,"{'a': 0.25677181699666574, 'e': 0.7093217661806457}",25,7,-186.02922553942722,"{0: 9, 1: 2, 2: 3, 3: 0, 4: 4}",1
19,False,"{'a': 0.24009463529699918, 'e': 0.6951353308570327}",25,0,-61.95222906780781,"{0: 18, 1: 4, 2: 2, 3: 0, 4: 1}",0
20,False,"{'a': 0.22508517176729928, 'e': 0.6812326242398921}",20,0,-86.2700103295686,"{0: 12, 1: 2, 2: 5, 3: 0, 4: 1}",0
21,False,"{'a': 0.21157665459056935, 'e': 0.6676079717550942}",20,8,-19.26763096332529,"{0: 11, 1: 0, 2: 0, 3: 0, 4: 1}",1
22,False,"{'a': 0.1994189891315124, 'e': 0.6542558123199923}",20,2,-46.79856967023353,"{0: 11, 1: 2, 2: 5, 3: 0, 4: 0}",1
23,False,"{'a': 0.18847709021836118, 'e': 0.6411706960735924}",30,0,-49.27741183496108,"{0: 23, 1: 1, 2: 5, 3: 1, 4: 0}",0
24,False,"{'a': 0.17862938119652505, 'e': 0.6283472821521207}",30,0,-60.69291822764771,"{0: 23, 1: 1, 2: 5, 3: 0, 4: 1}",0
25,False,"{'a': 0.16976644307687255, 'e': 0.6157803365090783}",25,0,-19.71687470611328,"{0: 20, 1: 1, 2: 4, 3: 0, 4: 0}",0
26,False,"{'a': 0.1617897987691853, 'e': 0.6034647297788966}",35,9,-53.346557816071936,"{0: 17, 1: 3, 2: 6, 3: 0, 4: 0}",1
27,False,"{'a': 0.15461081889226677, 'e': 0.5913954351833187}",25,0,-6.606635715417223,"{0: 21, 1: 1, 2: 3, 3: 0, 4: 0}",0
28,False,"{'a': 0.1481497370030401, 'e': 0.5795675264796523}",20,0,-82.77524622308562,"{0: 12, 1: 3, 2: 4, 3: 0, 4: 1}",0
29,False,"{'a': 0.1423347633027361, 'e': 0.5679761759500592}",20,12,-52.32898352175584,"{0: 5, 1: 0, 2: 2, 3: 0, 4: 1}",1
30,False,"{'a': 0.1371012869724625, 'e': 0.5566166524310581}",30,0,-30.853962077360258,"{0: 23, 1: 2, 2: 5, 3: 0, 4: 0}",0
31,False,"{'a': 0.13239115827521625, 'e': 0.5454843193824369}",20,16,5.489116154459459,"{0: 4, 1: 0, 2: 0, 3: 0, 4: 0}",1
32,False,"{'a': 0.12815204244769463, 'e': 0.5345746329947881}",20,0,-34.19883195502743,"{0: 15, 1: 1, 2: 3, 3: 1, 4: 0}",0
33,False,"{'a': 0.12433683820292515, 'e': 0.5238831403348924}",20,0,-24.389660008803634,"{0: 16, 1: 1, 2: 2, 3: 1, 4: 0}",1
34,False,"{'a': 0.12090315438263263, 'e': 0.5134054775281945}",20,7,7.745743723642872,"{0: 12, 1: 0, 2: 1, 3: 0, 4: 0}",1
35,False,"{'a': 0.11781283894436936, 'e': 0.5031373679776306}",30,0,-106.44216491017822,"{0: 22, 1: 2, 2: 3, 3: 1, 4: 2}",1
36,False,"{'a': 0.11503155504993243, 'e': 0.493074620618078}",20,0,-6.883063568961411,"{0: 16, 1: 2, 2: 2, 3: 0, 4: 0}",0
37,False,"{'a': 0.11252839954493919, 'e': 0.48321312820571644}",20,15,-31.949308227576,"{0: 4, 1: 0, 2: 0, 3: 0, 4: 1}",1
38,False,"{'a': 0.11027555959044527, 'e': 0.4735488656416021}",20,7,3.6358636199607743,"{0: 11, 1: 2, 2: 0, 3: 0, 4: 0}",1
39,False,"{'a': 0.10824800363140075, 'e': 0.46407788832877}",25,0,-53.086600043623,"{0: 19, 1: 3, 2: 2, 3: 0, 4: 1}",0
40,False,"{'a': 0.10642320326826067, 'e': 0.45479633056219465}",30,0,-115.7509510049239,"{0: 21, 1: 1, 2: 6, 3: 0, 4: 2}",0
41,False,"{'a': 0.1047808829414346, 'e': 0.44570040395095073}",25,17,-41.521288666931135,"{0: 6, 1: 0, 2: 1, 3: 0, 4: 1}",1
42,False,"{'a': 0.10330279464729114, 'e': 0.4367863958719317}",30,15,-57.91562057654411,"{0: 10, 1: 0, 2: 4, 3: 0, 4: 1}",1
43,False,"{'a': 0.10197251518256203, 'e': 0.42805066795449304}",25,0,-44.394565948237116,"{0: 16, 1: 4, 2: 5, 3: 0, 4: 0}",0
44,False,"{'a': 0.10077526366430582, 'e': 0.4194896545954032}",20,0,-56.823517190404075,"{0: 14, 1: 3, 2: 2, 3: 0, 4: 1}",0
45,False,"{'a': 0.09969773729787525, 'e': 0.41109986150349515}",20,7,15.242913658589465,"{0: 12, 1: 1, 2: 0, 3: 0, 4: 0}",1
46,False,"{'a': 0.09872796356808772, 'e': 0.4028778642734252}",20,10,-5.349333461749675,"{0: 8, 1: 1, 2: 1, 3: 0, 4: 0}",1
47,False,"{'a': 0.09785516721127895, 'e': 0.39482030698795667}",20,14,8.55834323434415,"{0: 6, 1: 0, 2: 0, 3: 0, 4: 0}",1
48,False,"{'a': 0.09706965049015105, 'e': 0.38692390084819756}",25,0,-68.40595735900956,"{0: 21, 1: 1, 2: 1, 3: 0, 4: 2}",0
49,False,"{'a': 0.09636268544113595, 'e': 0.3791854228312336}",20,0,-73.85818617268609,"{0: 16, 1: 0, 2: 2, 3: 0, 4: 2}",0
50,False,"{'a': 0.09572641689702235, 'e': 0.3716017143746089}",20,0,-3.2236807718923863,"{0: 17, 1: 0, 2: 3, 3: 0, 4: 0}",0
51,False,"{'a': 0.09515377520732012, 'e': 0.36416968008711675}",30,20,17.022642638526378,"{0: 10, 1: 0, 2: 0, 3: 0, 4: 0}",1
52,False,"{'a': 0.0946383976865881, 'e': 0.3568862864853744}",20,13,14.145291247054153,"{0: 7, 1: 0, 2: 0, 3: 0, 4: 0}",1
53,False,"{'a': 0.0941745579179293, 'e': 0.3497485607556669}",20,6,12.325349727337754,"{0: 13, 1: 1, 2: 0, 3: 0, 4: 0}",1
54,False,"{'a': 0.09375710212613636, 'e': 0.34275358954055357}",25,14,-20.27149411889898,"{0: 10, 1: 0, 2: 0, 3: 0, 4: 1}",1
55,False,"{'a': 0.09338139191352272, 'e': 0.3358985177497425}",25,8,14.044703704888583,"{0: 15, 1: 2, 2: 0, 3: 0, 4: 0}",1
56,False,"{'a': 0.09304325272217046, 'e': 0.3291805473947476}",25,3,27.968387836717632,"{0: 21, 1: 1, 2: 0, 3: 0, 4: 0}",1
57,False,"{'a': 0.0927389274499534, 'e': 0.32259693644685267}",20,0,-114.95487078843819,"{0: 15, 1: 0, 2: 2, 3: 0, 4: 3}",0
58,False,"{'a': 0.09246503470495807, 'e': 0.3161449977179156}",25,13,18.461124848912117,"{0: 12, 1: 0, 2: 0, 3: 0, 4: 0}",1
59,False,"{'a': 0.09221853123446226, 'e': 0.3098220977635573}",20,0,-40.65953759098274,"{0: 17, 1: 0, 2: 2, 3: 0, 4: 1}",0
60,False,"{'a': 0.09199667811101603, 'e': 0.30362565580828615}",25,11,-28.18433685183637,"{0: 12, 1: 1, 2: 0, 3: 0, 4: 1}",1
61,False,"{'a': 0.09179701029991442, 'e': 0.2975531426921204}",20,10,9.813476617736418,"{0: 9, 1: 1, 2: 0, 3: 0, 4: 0}",1
62,False,"{'a': 0.09161730926992298, 'e': 0.291602079838278}",25,6,-4.916110105998136,"{0: 15, 1: 2, 2: 2, 3: 0, 4: 0}",1
63,False,"{'a': 0.0914555783429307, 'e': 0.2857700382415124}",20,11,2.7584860319733924,"{0: 8, 1: 0, 2: 1, 3: 0, 4: 0}",1
64,False,"{'a': 0.09131002050863762, 'e': 0.2800546374766822}",25,3,-33.24131037616692,"{0: 19, 1: 0, 2: 2, 3: 0, 4: 1}",1
65,False,"{'a': 0.09117901845777386, 'e': 0.2744535447271485}",20,0,4.528821668969597,"{0: 17, 1: 2, 2: 1, 3: 0, 4: 0}",0
66,False,"{'a': 0.09106111661199646, 'e': 0.2689644738326056}",20,6,-4.9871115068738865,"{0: 12, 1: 0, 2: 2, 3: 0, 4: 0}",1
67,False,"{'a': 0.09095500495079682, 'e': 0.26358518435595346}",20,16,8.4840568531966,"{0: 4, 1: 0, 2: 0, 3: 0, 4: 0}",1
68,False,"{'a': 0.09085950445571714, 'e': 0.25831348066883436}",20,0,28.78772825574386,"{0: 20, 1: 0, 2: 0, 3: 0, 4: 0}",1
69,False,"{'a': 0.09077355401014543, 'e': 0.2531472110554577}",30,10,6.694897836479363,"{0: 18, 1: 0, 2: 2, 3: 0, 4: 0}",1
70,False,"{'a': 0.09069619860913089, 'e': 0.2480842668343485}",20,15,0.6334606837537591,"{0: 4, 1: 1, 2: 0, 3: 0, 4: 0}",1
71,False,"{'a': 0.09062657874821779, 'e': 0.24312258149766153}",25,0,22.02430721853862,"{0: 23, 1: 2, 2: 0, 3: 0, 4: 0}",0
72,False,"{'a': 0.09056392087339601, 'e': 0.2382601298677083}",20,8,13.550620627221896,"{0: 11, 1: 1, 2: 0, 3: 0, 4: 0}",1
73,False,"{'a': 0.09050752878605642, 'e': 0.23349492727035415}",20,0,-9.274672124927061,"{0: 17, 1: 0, 2: 3, 3: 0, 4: 0}",0
74,False,"{'a': 0.09045677590745077, 'e': 0.22882502872494703}",20,14,8.024113941183957,"{0: 6, 1: 0, 2: 0, 3: 0, 4: 0}",1
75,False,"{'a': 0.0904110983167057, 'e': 0.2242485281504481}",25,11,1.5675079378184154,"{0: 12, 1: 0, 2: 2, 3: 0, 4: 0}",1
76,False,"{'a': 0.09036998848503512, 'e': 0.21976355758743912}",20,9,-23.271870453599107,"{0: 10, 1: 0, 2: 0, 3: 0, 4: 1}",1
77,False,"{'a': 0.09033298963653161, 'e': 0.21536828643569034}",20,0,12.740932412807425,"{0: 19, 1: 0, 2: 1, 3: 0, 4: 0}",0
78,False,"{'a': 0.09029969067287845, 'e': 0.21106092070697655}",30,9,9.891064799250406,"{0: 18, 1: 2, 2: 1, 3: 0, 4: 0}",1
79,False,"{'a': 0.0902697216055906, 'e': 0.206839702292837}",25,13,15.222197935569637,"{0: 12, 1: 0, 2: 0, 3: 0, 4: 0}",1
80,False,"{'a': 0.09024274944503155, 'e': 0.20270290824698026}",20,3,-38.31963485876965,"{0: 15, 1: 0, 2: 0, 3: 1, 4: 1}",1
81,False,"{'a': 0.09021847450052839, 'e': 0.19864885008204064}",25,0,26.1462499089499,"{0: 24, 1: 0, 2: 1, 3: 0, 4: 0}",0
82,False,"{'a': 0.09019662705047556, 'e': 0.19467587308039982}",25,16,3.7413563053807737,"{0: 8, 1: 0, 2: 1, 3: 0, 4: 0}",1
83,False,"{'a': 0.09017696434542799, 'e': 0.19078235561879184}",20,0,15.291478198127898,"{0: 19, 1: 0, 2: 1, 3: 0, 4: 0}",0
84,False,"{'a': 0.09015926791088519, 'e': 0.186966708506416}",25,17,9.97760456065852,"{0: 7, 1: 1, 2: 0, 3: 0, 4: 0}",1
85,False,"{'a': 0.09014334111979667, 'e': 0.18322737433628766}",20,2,3.142449224555568,"{0: 16, 1: 0, 2: 2, 3: 0, 4: 0}",1
86,False,"{'a': 0.09012900700781701, 'e': 0.1795628268495619}",20,11,16.293892765010078,"{0: 9, 1: 0, 2: 0, 3: 0, 4: 0}",1
87,False,"{'a': 0.0901161063070353, 'e': 0.17597157031257069}",20,8,23.33103280628971,"{0: 12, 1: 0, 2: 0, 3: 0, 4: 0}",1
88,False,"{'a': 0.09010449567633178, 'e': 0.17245213890631925}",25,8,24.423307192748826,"{0: 17, 1: 0, 2: 0, 3: 0, 4: 0}",1
89,False,"{'a': 0.0900940461086986, 'e': 0.16900309612819286}",25,10,-12.401575111740785,"{0: 11, 1: 1, 2: 3, 3: 0, 4: 0}",1
90,False,"{'a': 0.09008464149782874, 'e': 0.16562303420562902}",20,0,-34.5714118589856,"{0: 17, 1: 0, 2: 2, 3: 0, 4: 1}",0
91,False,"{'a': 0.09007617734804586, 'e': 0.16231057352151643}",30,8,-32.993961959745064,"{0: 19, 1: 0, 2: 2, 3: 0, 4: 1}",1
92,False,"{'a': 0.09006855961324127, 'e': 0.1590643620510861}",20,0,6.229704726994752,"{0: 17, 1: 2, 2: 1, 3: 0, 4: 0}",0
93,False,"{'a': 0.09006170365191715, 'e': 0.15588307481006436}",35,13,-48.334626766366526,"{0: 20, 1: 0, 2: 0, 3: 0, 4: 2}",1
94,False,"{'a': 0.09005553328672543, 'e': 0.1527654133138631}",35,15,25.1186630240052,"{0: 19, 1: 0, 2: 1, 3: 0, 4: 0}",1
95,False,"{'a': 0.09004997995805289, 'e': 0.1497101050475858}",20,16,7.632348258293202,"{0: 4, 1: 0, 2: 0, 3: 0, 4: 0}",1
96,False,"{'a': 0.0900449819622476, 'e': 0.14671590294663409}",20,8,18.6451844780095,"{0: 12, 1: 0, 2: 0, 3: 0, 4: 0}",1
97,False,"{'a': 0.09004048376602285, 'e': 0.1437815848877014}",30,17,20.77144645339703,"{0: 13, 1: 0, 2: 0, 3: 0, 4: 0}",1
98,False,"{'a': 0.09003643538942055, 'e': 0.1409059531899474}",20,9,16.425199417143062,"{0: 11, 1: 0, 2: 0, 3: 0, 4: 0}",1
99,False,"{'a': 0.0900327918504785, 'e': 0.13808783412614842}",20,0,24.362837771324074,"{0: 19, 1: 1, 2: 0, 3: 0, 4: 0}",0
100,False,"{'a': 0.09002951266543065, 'e': 0.13532607744362546}",20,0,-9.3252808894398,"{0: 19, 1: 0, 2: 0, 3: 0, 4: 1}",0
101,False,"{'a': 0.09002656139888758, 'e': 0.13261955589475294}",25,0,15.986805544465197,"{0: 24, 1: 0, 2: 0, 3: 1, 4: 0}",0
102,False,"{'a': 0.09002390525899882, 'e': 0.12996716477685788}",25,14,10.92863753377357,"{0: 10, 1: 1, 2: 0, 3: 0, 4: 0}",1
103,False,"{'a': 0.09002151473309894, 'e': 0.12736782148132073}",30,13,27.99738135046993,"{0: 17, 1: 0, 2: 0, 3: 0, 4: 0}",1
104,False,"{'a': 0.09001936325978904, 'e': 0.12482046505169431}",25,16,15.3637013324873,"{0: 9, 1: 0, 2: 0, 3: 0, 4: 0}",1
105,False,"{'a': 0.09001742693381014, 'e': 0.12232405575066042}",25,12,23.46519524316715,"{0: 13, 1: 0, 2: 0, 3: 0, 4: 0}",1
106,False,"{'a': 0.09001568424042913, 'e': 0.11987757463564722}",20,10,14.391739998504686,"{0: 9, 1: 1, 2: 0, 3: 0, 4: 0}",1
107,False,"{'a': 0.09001411581638621, 'e': 0.11748002314293426}",25,19,11.686107211964977,"{0: 6, 1: 0, 2: 0, 3: 0, 4: 0}",1
108,False,"{'a': 0.0900127042347476, 'e': 0.11513042268007558}",30,13,28.07837634967781,"{0: 17, 1: 0, 2: 0, 3: 0, 4: 0}",1
109,False,"{'a': 0.09001143381127283, 'e': 0.11282781422647406}",25,0,21.285457768333252,"{0: 24, 1: 0, 2: 1, 3: 0, 4: 0}",0
110,False,"{'a': 0.09001029043014555, 'e': 0.11057125794194458}",20,8,19.5553960400008,"{0: 12, 1: 0, 2: 0, 3: 0, 4: 0}",1
111,False,"{'a': 0.090009261387131, 'e': 0.10835983278310568}",25,13,-37.65630651651066,"{0: 10, 1: 0, 2: 1, 3: 0, 4: 1}",1
112,False,"{'a': 0.09000833524841789, 'e': 0.10619263612744358}",25,11,23.989936613951357,"{0: 14, 1: 0, 2: 0, 3: 0, 4: 0}",1
113,False,"{'a': 0.0900075017235761, 'e': 0.1040687834048947}",25,13,23.378772863640283,"{0: 12, 1: 0, 2: 0, 3: 0, 4: 0}",1
114,False,"{'a': 0.0900067515512185, 'e': 0.1019874077367968}",20,8,23.188248554423136,"{0: 12, 1: 0, 2: 0, 3: 0, 4: 0}",1
115,False,"{'a': 0.09000607639609665, 'e': 0.09994765958206087}",30,20,5.275791107204362,"{0: 9, 1: 0, 2: 1, 3: 0, 4: 0}",1
116,False,"{'a': 0.09000546875648698, 'e': 0.09794870639041964}",30,10,35.23852017858541,"{0: 20, 1: 0, 2: 0, 3: 0, 4: 0}",1
117,False,"{'a': 0.09000492188083828, 'e': 0.09598973226261125}",25,9,11.148756256521683,"{0: 14, 1: 1, 2: 1, 3: 0, 4: 0}",1
118,False,"{'a': 0.09000442969275445, 'e': 0.09406993761735902}",25,10,-18.15140217049203,"{0: 14, 1: 0, 2: 0, 3: 0, 4: 1}",1
119,False,"{'a': 0.09000398672347901, 'e': 0.09218853886501184}",20,6,18.585787374791472,"{0: 14, 1: 0, 2: 0, 3: 0, 4: 0}",1
120,False,"{'a': 0.09000358805113111, 'e': 0.09034476808771161}",25,15,18.045731875869336,"{0: 10, 1: 0, 2: 0, 3: 0, 4: 0}",1
121,False,"{'a': 0.090003229246018, 'e': 0.08853787272595737}",20,3,16.881260430814233,"{0: 16, 1: 0, 2: 1, 3: 0, 4: 0}",1
122,False,"{'a': 0.09000290632141619, 'e': 0.08676711527143822}",25,14,19.23850851957947,"{0: 11, 1: 0, 2: 0, 3: 0, 4: 0}",1
123,False,"{'a': 0.09000261568927458, 'e': 0.08503177296600946}",35,20,24.765540759256666,"{0: 15, 1: 0, 2: 0, 3: 0, 4: 0}",1
124,False,"{'a': 0.09000235412034711, 'e': 0.08333113750668926}",20,8,-21.621901029953197,"{0: 11, 1: 0, 2: 0, 3: 0, 4: 1}",1
125,False,"{'a': 0.0900021187083124, 'e': 0.08166451475655548}",25,14,4.639678271905757,"{0: 10, 1: 0, 2: 1, 3: 0, 4: 0}",1
126,False,"{'a': 0.09000190683748116, 'e': 0.08003122446142437}",25,14,19.179778394032322,"{0: 11, 1: 0, 2: 0, 3: 0, 4: 0}",1
127,False,"{'a': 0.09000171615373305, 'e': 0.07843059997219588}",30,20,15.313984101292586,"{0: 10, 1: 0, 2: 0, 3: 0, 4: 0}",1
128,False,"{'a': 0.09000154453835975, 'e': 0.07686198797275196}",35,10,44.14480538244783,"{0: 25, 1: 0, 2: 0, 3: 0, 4: 0}",1
129,False,"{'a': 0.09000139008452376, 'e': 0.07532474821329692}",20,14,7.176192563150098,"{0: 6, 1: 0, 2: 0, 3: 0, 4: 0}",1
130,False,"{'a': 0.09000125107607139, 'e': 0.07381825324903098}",20,10,14.798585828172477,"{0: 10, 1: 0, 2: 0, 3: 0, 4: 0}",1
131,False,"{'a': 0.09000112596846425, 'e': 0.07234188818405035}",20,13,13.739229975204191,"{0: 7, 1: 0, 2: 0, 3: 0, 4: 0}",1
132,False,"{'a': 0.09000101337161782, 'e': 0.07089505042036935}",20,6,10.851154977030248,"{0: 13, 1: 0, 2: 1, 3: 0, 4: 0}",1
133,False,"{'a': 0.09000091203445604, 'e': 0.06947714941196197}",35,17,-9.02802819034406,"{0: 17, 1: 0, 2: 0, 3: 0, 4: 1}",1
134,False,"{'a': 0.09000082083101044, 'e': 0.06808760642372272}",30,17,24.32291092449816,"{0: 13, 1: 0, 2: 0, 3: 0, 4: 0}",1
135,False,"{'a': 0.0900007387479094, 'e': 0.06672585429524826}",30,12,34.841596782808665,"{0: 18, 1: 0, 2: 0, 3: 0, 4: 0}",1
136,False,"{'a': 0.09000066487311846, 'e': 0.0653913372093433}",20,12,15.304203536049336,"{0: 8, 1: 0, 2: 0, 3: 0, 4: 0}",1
137,False,"{'a': 0.09000059838580661, 'e': 0.06408351046515644}",20,0,33.073464261738465,"{0: 20, 1: 0, 2: 0, 3: 0, 4: 0}",0
138,False,"{'a': 0.09000053854722595, 'e': 0.0628018402558533}",20,16,8.174220773724905,"{0: 4, 1: 0, 2: 0, 3: 0, 4: 0}",1
139,False,"{'a': 0.09000048469250335, 'e': 0.061545803450736236}",20,11,16.486382529096648,"{0: 9, 1: 0, 2: 0, 3: 0, 4: 0}",1
140,False,"{'a': 0.09000043622325302, 'e': 0.060314887381721506}",25,11,24.88599852907582,"{0: 14, 1: 0, 2: 0, 3: 0, 4: 0}",1
141,False,"{'a': 0.09000039260092771, 'e': 0.05910858963408708}",25,14,12.278459632965149,"{0: 10, 1: 1, 2: 0, 3: 0, 4: 0}",1
142,False,"{'a': 0.09000035334083495, 'e': 0.057926417841405335}",25,8,26.055588117129503,"{0: 17, 1: 0, 2: 0, 3: 0, 4: 0}",1
143,False,"{'a': 0.09000031800675144, 'e': 0.05676788948457723}",30,14,23.912862074479982,"{0: 16, 1: 0, 2: 0, 3: 0, 4: 0}",1
144,False,"{'a': 0.09000028620607631, 'e': 0.05563253169488568}",20,5,24.93319191932808,"{0: 15, 1: 0, 2: 0, 3: 0, 4: 0}",1
145,False,"{'a': 0.09000025758546867, 'e': 0.054519881060987964}",20,9,17.118165830980985,"{0: 11, 1: 0, 2: 0, 3: 0, 4: 0}",1
146,False,"{'a': 0.09000023182692181, 'e': 0.05342948343976821}",25,9,16.706672704489378,"{0: 15, 1: 1, 2: 0, 3: 0, 4: 0}",1
147,False,"{'a': 0.09000020864422963, 'e': 0.05236089377097284}",30,18,22.128894240479532,"{0: 12, 1: 0, 2: 0, 3: 0, 4: 0}",1
148,False,"{'a': 0.09000018777980666, 'e': 0.051313675895553384}",25,7,28.427908060843155,"{0: 18, 1: 0, 2: 0, 3: 0, 4: 0}",1
149,False,"{'a': 0.09000016900182599, 'e': 0.050287402377642315}",25,10,26.676516946191995,"{0: 15, 1: 0, 2: 0, 3: 0, 4: 0}",1
150,False,"{'a': 0.0900001521016434, 'e': 0.04928165433008947}",25,5,26.71011479489495,"{0: 19, 1: 1, 2: 0, 3: 0, 4: 0}",1
151,False,"{'a': 0.09000013689147905, 'e': 0.048296021243487676}",20,7,-1.7869034578845564,"{0: 12, 1: 0, 2: 0, 3: 1, 4: 0}",1
152,False,"{'a': 0.09000012320233115, 'e': 0.04733010081861792}",30,15,18.860621111421224,"{0: 14, 1: 0, 2: 1, 3: 0, 4: 0}",1
153,False,"{'a': 0.09000011088209803, 'e': 0.046383498802245564}",20,4,28.691440690077453,"{0: 16, 1: 0, 2: 0, 3: 0, 4: 0}",1
154,False,"{'a': 0.09000009979388823, 'e': 0.04545582882620065}",25,12,21.7126783787616,"{0: 13, 1: 0, 2: 0, 3: 0, 4: 0}",1
155,False,"{'a': 0.0900000898144994, 'e': 0.044546712249676636}",25,17,12.624979942994292,"{0: 8, 1: 0, 2: 0, 3: 0, 4: 0}",1
156,False,"{'a': 0.09000008083304947, 'e': 0.04365577800468311}",20,9,19.178352149587145,"{0: 11, 1: 0, 2: 0, 3: 0, 4: 0}",1
157,False,"{'a': 0.09000007274974452, 'e': 0.04278266244458944}",25,16,20.174406004135783,"{0: 9, 1: 0, 2: 0, 3: 0, 4: 0}",1
158,False,"{'a': 0.09000006547477006, 'e': 0.041927009195697654}",25,16,4.392684421908008,"{0: 8, 1: 0, 2: 1, 3: 0, 4: 0}",1
159,False,"{'a': 0.09000005892729306, 'e': 0.041088469011783695}",20,16,7.300796193535389,"{0: 4, 1: 0, 2: 0, 3: 0, 4: 0}",1
160,False,"{'a': 0.09000005303456375, 'e': 0.040266699631548025}",30,22,16.921926323340394,"{0: 8, 1: 0, 2: 0, 3: 0, 4: 0}",1
161,False,"{'a': 0.09000004773110738, 'e': 0.03946136563891706}",25,10,25.695460151174988,"{0: 15, 1: 0, 2: 0, 3: 0, 4: 0}",1
162,False,"{'a': 0.09000004295799664, 'e': 0.03867213832613872}",20,12,8.724872260537229,"{0: 7, 1: 1, 2: 0, 3: 0, 4: 0}",1
163,False,"{'a': 0.09000003866219698, 'e': 0.03789869555961595}",20,10,17.14829425934129,"{0: 10, 1: 0, 2: 0, 3: 0, 4: 0}",1
164,False,"{'a': 0.09000003479597728, 'e': 0.03714072164842362}",20,3,6.108756817674629,"{0: 15, 1: 0, 2: 2, 3: 0, 4: 0}",1
165,False,"{'a': 0.09000003131637956, 'e': 0.036397907215455154}",30,4,46.36196909081603,"{0: 26, 1: 0, 2: 0, 3: 0, 4: 0}",1
166,False,"{'a': 0.09000002818474159, 'e': 0.03566994907114605}",20,1,29.11477200373795,"{0: 19, 1: 0, 2: 0, 3: 0, 4: 0}",1
167,False,"{'a': 0.09000002536626743, 'e': 0.03495655008972313}",20,16,7.3522777479850046,"{0: 4, 1: 0, 2: 0, 3: 0, 4: 0}",1
168,False,"{'a': 0.09000002282964069, 'e': 0.03425741908792866}",20,0,25.15375268477678,"{0: 20, 1: 0, 2: 0, 3: 0, 4: 0}",1
169,False,"{'a': 0.09000002054667662, 'e': 0.03357227070617009}",25,11,27.676593796214885,"{0: 14, 1: 0, 2: 0, 3: 0, 4: 0}",1
170,False,"{'a': 0.09000001849200896, 'e': 0.03290082529204669}",30,19,23.463615455115992,"{0: 11, 1: 0, 2: 0, 3: 0, 4: 0}",1
171,False,"{'a': 0.09000001664280806, 'e': 0.03224280878620575}",20,12,11.711226522596577,"{0: 8, 1: 0, 2: 0, 3: 0, 4: 0}",1
172,False,"{'a': 0.09000001497852726, 'e': 0.031597952610481636}",25,9,32.24350967434886,"{0: 16, 1: 0, 2: 0, 3: 0, 4: 0}",1
173,False,"{'a': 0.09000001348067453, 'e': 0.030965993558272006}",35,21,25.205328065887052,"{0: 14, 1: 0, 2: 0, 3: 0, 4: 0}",1
174,False,"{'a': 0.09000001213260708, 'e': 0.030346673687106564}",30,17,22.000075563516774,"{0: 13, 1: 0, 2: 0, 3: 0, 4: 0}",1
175,False,"{'a': 0.09000001091934637, 'e': 0.02973974021336443}",20,9,18.62799806603865,"{0: 11, 1: 0, 2: 0, 3: 0, 4: 0}",1
176,False,"{'a': 0.09000000982741173, 'e': 0.029144945409097144}",20,16,7.801834222280678,"{0: 4, 1: 0, 2: 0, 3: 0, 4: 0}",1
177,False,"{'a': 0.09000000884467056, 'e': 0.0285620465009152}",25,10,24.642374616017065,"{0: 15, 1: 0, 2: 0, 3: 0, 4: 0}",1
178,False,"{'a': 0.0900000079602035, 'e': 0.027990805570896896}",25,0,37.11528085838147,"{0: 25, 1: 0, 2: 0, 3: 0, 4: 0}",1
179,False,"{'a': 0.09000000716418315, 'e': 0.027430989459478958}",20,7,26.636979924407388,"{0: 13, 1: 0, 2: 0, 3: 0, 4: 0}",1
180,False,"{'a': 0.09000000644776483, 'e': 0.026882369670289376}",20,12,11.352474199100175,"{0: 8, 1: 0, 2: 0, 3: 0, 4: 0}",1
181,False,"{'a': 0.09000000580298835, 'e': 0.02634472227688359}",20,14,11.830048153020096,"{0: 6, 1: 0, 2: 0, 3: 0, 4: 0}",1
182,False,"{'a': 0.09000000522268951, 'e': 0.025817827831345917}",30,14,26.172604119809865,"{0: 16, 1: 0, 2: 0, 3: 0, 4: 0}",1
183,False,"{'a': 0.09000000470042056, 'e': 0.025301471274718997}",25,2,12.758536400887603,"{0: 21, 1: 0, 2: 2, 3: 0, 4: 0}",1
184,False,"{'a': 0.0900000042303785, 'e': 0.024795441849224616}",20,14,12.96696634297431,"{0: 6, 1: 0, 2: 0, 3: 0, 4: 0}",1
185,False,"{'a': 0.09000000380734066, 'e': 0.024299533012240124}",25,0,37.69947983432572,"{0: 25, 1: 0, 2: 0, 3: 0, 4: 0}",0
186,False,"{'a': 0.09000000342660659, 'e': 0.023813542351995322}",25,15,19.03754778920223,"{0: 10, 1: 0, 2: 0, 3: 0, 4: 0}",1
187,False,"{'a': 0.09000000308394593, 'e': 0.023337271504955414}",20,10,2.9971988034319303,"{0: 9, 1: 0, 2: 1, 3: 0, 4: 0}",1
188,False,"{'a': 0.09000000277555134, 'e': 0.022870526074856307}",20,0,29.86240713132167,"{0: 20, 1: 0, 2: 0, 3: 0, 4: 0}",0
189,False,"{'a': 0.09000000249799621, 'e': 0.02241311555335918}",30,15,31.475924873416258,"{0: 15, 1: 0, 2: 0, 3: 0, 4: 0}",1
190,False,"{'a': 0.09000000224819658, 'e': 0.021964853242291995}",20,0,28.438315065563216,"{0: 20, 1: 0, 2: 0, 3: 0, 4: 0}",0
191,False,"{'a': 0.09000000202337692, 'e': 0.021525556177446156}",25,12,21.230833250065512,"{0: 13, 1: 0, 2: 0, 3: 0, 4: 0}",1
192,False,"{'a': 0.09000000182103923, 'e': 0.02109504505389723}",30,22,16.724189422800432,"{0: 8, 1: 0, 2: 0, 3: 0, 4: 0}",1
193,False,"{'a': 0.0900000016389353, 'e': 0.020673144152819286}",25,6,22.467049589290603,"{0: 18, 1: 0, 2: 1, 3: 0, 4: 0}",1
194,False,"{'a': 0.09000000147504178, 'e': 0.0202596812697629}",20,3,29.663936918098578,"{0: 17, 1: 0, 2: 0, 3: 0, 4: 0}",1
195,False,"{'a': 0.0900000013275376, 'e': 0.019854487644367643}",20,5,27.821918604264077,"{0: 15, 1: 0, 2: 0, 3: 0, 4: 0}",1
196,False,"{'a': 0.09000000119478384, 'e': 0.01945739789148029}",25,15,17.28376777286936,"{0: 10, 1: 0, 2: 0, 3: 0, 4: 0}",1
197,False,"{'a': 0.09000000107530545, 'e': 0.019068249933650683}",20,13,8.955389919887661,"{0: 7, 1: 0, 2: 0, 3: 0, 4: 0}",1
198,False,"{'a': 0.09000000096777491, 'e': 0.01868688493497767}",20,2,11.68789175590825,"{0: 17, 1: 0, 2: 1, 3: 0, 4: 0}",1
199,False,"{'a': 0.09000000087099742, 'e': 0.018313147236278113}",20,8,18.699117823201966,"{0: 12, 1: 0, 2: 0, 3: 0, 4: 0}",1
200,False,"{'a': 0.09000000078389768, 'e': 0.017946884291552553}",20,9,19.52760888137071,"{0: 11, 1: 0, 2: 0, 3: 0, 4: 0}",1
201,False,"{'a': 0.09000000070550791, 'e': 0.0175879466057215}",25,6,19.92479234047702,"{0: 18, 1: 0, 2: 1, 3: 0, 4: 0}",1
202,False,"{'a': 0.09000000063495711, 'e': 0.01723618767360707}",20,13,14.908515635608389,"{0: 7, 1: 0, 2: 0, 3: 0, 4: 0}",1
203,False,"{'a': 0.0900000005714614, 'e': 0.01689146392013493}",25,5,35.39855214840519,"{0: 20, 1: 0, 2: 0, 3: 0, 4: 0}",1
204,False,"{'a': 0.09000000051431527, 'e': 0.01655363464173223}",20,14,14.134379792314142,"{0: 6, 1: 0, 2: 0, 3: 0, 4: 0}",1
205,False,"{'a': 0.09000000046288374, 'e': 0.016222561948897585}",20,8,18.256644359705543,"{0: 12, 1: 0, 2: 0, 3: 0, 4: 0}",1
206,False,"{'a': 0.09000000041659537, 'e': 0.015898110709919634}",30,16,25.991938343940035,"{0: 14, 1: 0, 2: 0, 3: 0, 4: 0}",1
207,False,"{'a': 0.09000000037493583, 'e': 0.01558014849572124}",20,12,13.757384746850786,"{0: 8, 1: 0, 2: 0, 3: 0, 4: 0}",1
208,False,"{'a': 0.09000000033744224, 'e': 0.015268545525806814}",25,13,17.028678012675684,"{0: 12, 1: 0, 2: 0, 3: 0, 4: 0}",1
209,False,"{'a': 0.09000000030369802, 'e': 0.014963174615290679}",25,15,20.50292647531262,"{0: 10, 1: 0, 2: 0, 3: 0, 4: 0}",1
210,False,"{'a': 0.09000000027332822, 'e': 0.014663911122984865}",20,0,27.27440147855888,"{0: 20, 1: 0, 2: 0, 3: 0, 4: 0}",0
211,False,"{'a': 0.0900000002459954, 'e': 0.014370632900525168}",25,19,11.566406690465442,"{0: 6, 1: 0, 2: 0, 3: 0, 4: 0}",1
212,False,"{'a': 0.09000000022139586, 'e': 0.014083220242514663}",25,8,27.589106228272612,"{0: 17, 1: 0, 2: 0, 3: 0, 4: 0}",1
213,False,"{'a': 0.09000000019925627, 'e': 0.01380155583766437}",30,18,20.62851085870768,"{0: 12, 1: 0, 2: 0, 3: 0, 4: 0}",1
214,False,"{'a': 0.09000000017933064, 'e': 0.013525524720911083}",20,13,14.858643980246562,"{0: 7, 1: 0, 2: 0, 3: 0, 4: 0}",1
215,False,"{'a': 0.09000000016139757, 'e': 0.01325501422649286}",20,3,27.09613035791928,"{0: 17, 1: 0, 2: 0, 3: 0, 4: 0}",1
216,False,"{'a': 0.09000000014525782, 'e': 0.012989913941963003}",20,10,16.170692259321896,"{0: 10, 1: 0, 2: 0, 3: 0, 4: 0}",1
217,False,"{'a': 0.09000000013073203, 'e': 0.012730115663123744}",30,22,12.699628040691394,"{0: 8, 1: 0, 2: 0, 3: 0, 4: 0}",1
218,False,"{'a': 0.09000000011765884, 'e': 0.012475513349861267}",20,10,5.666487295676163,"{0: 9, 1: 0, 2: 1, 3: 0, 4: 0}",1
219,False,"{'a': 0.09000000010589294, 'e': 0.012226003082864043}",20,6,28.963585860830538,"{0: 14, 1: 0, 2: 0, 3: 0, 4: 0}",1
220,False,"{'a': 0.09000000009530365, 'e': 0.011981483021206761}",35,18,28.267029255768648,"{0: 17, 1: 0, 2: 0, 3: 0, 4: 0}",1
221,False,"{'a': 0.09000000008577329, 'e': 0.011741853360782626}",25,11,24.782527303240215,"{0: 14, 1: 0, 2: 0, 3: 0, 4: 0}",1
222,False,"{'a': 0.09000000007719595, 'e': 0.011507016293566973}",35,23,20.44119841339204,"{0: 12, 1: 0, 2: 0, 3: 0, 4: 0}",1
223,False,"{'a': 0.09000000006947637, 'e': 0.011276875967695634}",20,10,20.54329525923734,"{0: 10, 1: 0, 2: 0, 3: 0, 4: 0}",1
224,False,"{'a': 0.09000000006252873, 'e': 0.01105133844834172}",20,9,18.655381462855182,"{0: 11, 1: 0, 2: 0, 3: 0, 4: 0}",1
225,False,"{'a': 0.09000000005627586, 'e': 0.010830311679374887}",20,11,16.405720031168634,"{0: 9, 1: 0, 2: 0, 3: 0, 4: 0}",1
226,False,"{'a': 0.09000000005064827, 'e': 0.010613705445787387}",20,14,11.044613366324425,"{0: 6, 1: 0, 2: 0, 3: 0, 4: 0}",1
227,False,"{'a': 0.09000000004558344, 'e': 0.010401431336871641}",20,0,27.327022064333484,"{0: 20, 1: 0, 2: 0, 3: 0, 4: 0}",0
228,False,"{'a': 0.0900000000410251, 'e': 0.010193402710134207}",25,15,20.321504477016163,"{0: 10, 1: 0, 2: 0, 3: 0, 4: 0}",1
229,False,"{'a': 0.09000000003692259, 'e': 0.009989534655931522}",25,16,18.26290166679871,"{0: 9, 1: 0, 2: 0, 3: 0, 4: 0}",1
230,False,"{'a': 0.09000000003323033, 'e': 0.009789743962812892}",30,5,33.59259232163559,"{0: 25, 1: 0, 2: 0, 3: 0, 4: 0}",1
231,False,"{'a': 0.0900000000299073, 'e': 0.009593949083556635}",25,7,28.376228217506934,"{0: 18, 1: 0, 2: 0, 3: 0, 4: 0}",1
232,False,"{'a': 0.09000000002691656, 'e': 0.009402070101885502}",30,10,30.83872654880317,"{0: 20, 1: 0, 2: 0, 3: 0, 4: 0}",1
233,False,"{'a': 0.09000000002422491, 'e': 0.009214028699847792}",20,7,-18.8883886413798,"{0: 12, 1: 0, 2: 0, 3: 0, 4: 1}",1
234,False,"{'a': 0.09000000002180242, 'e': 0.009029748125850836}",25,6,31.77903416722723,"{0: 19, 1: 0, 2: 0, 3: 0, 4: 0}",1
235,False,"{'a': 0.09000000001962218, 'e': 0.008849153163333819}",25,0,41.41732899878224,"{0: 25, 1: 0, 2: 0, 3: 0, 4: 0}",1
236,False,"{'a': 0.09000000001765995, 'e': 0.008672170100067142}",20,1,-17.426298316491376,"{0: 18, 1: 0, 2: 0, 3: 0, 4: 1}",1
237,False,"{'a': 0.09000000001589396, 'e': 0.0084987266980658}",25,9,26.612144447578743,"{0: 16, 1: 0, 2: 0, 3: 0, 4: 0}",1
238,False,"{'a': 0.09000000001430457, 'e': 0.008328752164104482}",30,9,41.080432067570605,"{0: 21, 1: 0, 2: 0, 3: 0, 4: 0}",1
239,False,"{'a': 0.0900000000128741, 'e': 0.008162177120822393}",20,0,22.546180472058282,"{0: 20, 1: 0, 2: 0, 3: 0, 4: 0}",0
240,False,"{'a': 0.0900000000115867, 'e': 0.007998933578405944}",20,10,22.23145581638262,"{0: 10, 1: 0, 2: 0, 3: 0, 4: 0}",1
241,False,"{'a': 0.09000000001042803, 'e': 0.007838954906837826}",20,10,18.004311728077735,"{0: 10, 1: 0, 2: 0, 3: 0, 4: 0}",1
242,False,"{'a': 0.09000000000938523, 'e': 0.007682175808701069}",20,13,14.489372645775411,"{0: 7, 1: 0, 2: 0, 3: 0, 4: 0}",1
243,False,"{'a': 0.0900000000084467, 'e': 0.007528532292527048}",20,13,12.7624895478082,"{0: 7, 1: 0, 2: 0, 3: 0, 4: 0}",1
244,False,"{'a': 0.09000000000760203, 'e': 0.007377961646676506}",30,23,15.726608844567151,"{0: 7, 1: 0, 2: 0, 3: 0, 4: 0}",1
245,False,"{'a': 0.09000000000684183, 'e': 0.007230402413742976}",25,7,29.182871534751285,"{0: 18, 1: 0, 2: 0, 3: 0, 4: 0}",1
246,False,"{'a': 0.09000000000615764, 'e': 0.007085794365468116}",30,21,18.94889971135896,"{0: 9, 1: 0, 2: 0, 3: 0, 4: 0}",1
247,False,"{'a': 0.09000000000554188, 'e': 0.006944078478158754}",30,15,32.27272978089544,"{0: 15, 1: 0, 2: 0, 3: 0, 4: 0}",1
248,False,"{'a': 0.09000000000498769, 'e': 0.006805196908595579}",20,14,10.817055421276669,"{0: 6, 1: 0, 2: 0, 3: 0, 4: 0}",1
249,False,"{'a': 0.09000000000448892, 'e': 0.006669092970423667}",30,18,24.293466844182948,"{0: 12, 1: 0, 2: 0, 3: 0, 4: 0}",1
250,False,"{'a': 0.09000000000404003, 'e': 0.006535711111015194}",20,12,12.631516751438323,"{0: 8, 1: 0, 2: 0, 3: 0, 4: 0}",1
251,False,"{'a': 0.09000000000363603, 'e': 0.00640499688879489}",35,23,19.902950214469804,"{0: 12, 1: 0, 2: 0, 3: 0, 4: 0}",1
252,False,"{'a': 0.09000000000327242, 'e': 0.0062768969510189915}",25,14,12.95137470077799,"{0: 11, 1: 0, 2: 0, 3: 0, 4: 0}",1
253,False,"{'a': 0.09000000000294518, 'e': 0.006151359011998612}",25,6,27.52084572613214,"{0: 19, 1: 0, 2: 0, 3: 0, 4: 0}",1
254,False,"{'a': 0.09000000000265067, 'e': 0.00602833183175864}",25,0,36.26312615103787,"{0: 25, 1: 0, 2: 0, 3: 0, 4: 0}",0
255,False,"{'a': 0.0900000000023856, 'e': 0.005907765195123467}",25,10,27.903698615726135,"{0: 15, 1: 0, 2: 0, 3: 0, 4: 0}",1
256,False,"{'a': 0.09000000000214703, 'e': 0.005789609891220997}",25,11,29.864942302792247,"{0: 14, 1: 0, 2: 0, 3: 0, 4: 0}",1
257,False,"{'a': 0.09000000000193233, 'e': 0.005673817693396577}",25,11,21.868335206454958,"{0: 14, 1: 0, 2: 0, 3: 0, 4: 0}",1
258,False,"{'a': 0.09000000000173909, 'e': 0.0055603413395286455}",30,17,24.581828292311922,"{0: 13, 1: 0, 2: 0, 3: 0, 4: 0}",1
259,False,"{'a': 0.09000000000156519, 'e': 0.005449134512738073}",20,0,26.179809689377635,"{0: 20, 1: 0, 2: 0, 3: 0, 4: 0}",0
260,False,"{'a': 0.09000000000140868, 'e': 0.005340151822483311}",20,11,13.9965501485119,"{0: 9, 1: 0, 2: 0, 3: 0, 4: 0}",1
261,False,"{'a': 0.0900000000012678, 'e': 0.005233348786033645}",25,15,18.461702722589724,"{0: 10, 1: 0, 2: 0, 3: 0, 4: 0}",1
262,False,"{'a': 0.09000000000114101, 'e': 0.005128681810312972}",25,15,20.227602594154572,"{0: 10, 1: 0, 2: 0, 3: 0, 4: 0}",1
263,False,"{'a': 0.09000000000102693, 'e': 0.005026108174106712}",30,14,21.617015170311888,"{0: 16, 1: 0, 2: 0, 3: 0, 4: 0}",1
264,False,"{'a': 0.09000000000092423, 'e': 0.004925586010624578}",25,12,23.45505280440731,"{0: 13, 1: 0, 2: 0, 3: 0, 4: 0}",1
265,False,"{'a': 0.0900000000008318, 'e': 0.0048270742904120865}",35,21,25.53187587392351,"{0: 14, 1: 0, 2: 0, 3: 0, 4: 0}",1
266,False,"{'a': 0.09000000000074862, 'e': 0.0047305328046038445}",20,14,13.330562285368094,"{0: 6, 1: 0, 2: 0, 3: 0, 4: 0}",1
267,False,"{'a': 0.09000000000067376, 'e': 0.004635922148511768}",25,18,13.589712297809097,"{0: 7, 1: 0, 2: 0, 3: 0, 4: 0}",1
268,False,"{'a': 0.09000000000060639, 'e': 0.004543203705541532}",35,18,29.743074884868168,"{0: 17, 1: 0, 2: 0, 3: 0, 4: 0}",1
269,False,"{'a': 0.09000000000054574, 'e': 0.004452339631430702}",20,6,25.127051880613454,"{0: 14, 1: 0, 2: 0, 3: 0, 4: 0}",1
270,False,"{'a': 0.09000000000049117, 'e': 0.004363292838802087}",20,5,21.486533631010357,"{0: 15, 1: 0, 2: 0, 3: 0, 4: 0}",1
271,False,"{'a': 0.09000000000044206, 'e': 0.004276026982026045}",20,8,16.619107788320996,"{0: 12, 1: 0, 2: 0, 3: 0, 4: 0}",1
272,False,"{'a': 0.09000000000039785, 'e': 0.004190506442385524}",20,12,13.29506495381793,"{0: 8, 1: 0, 2: 0, 3: 0, 4: 0}",1
273,False,"{'a': 0.09000000000035806, 'e': 0.004106696313537814}",30,16,26.58671532317503,"{0: 14, 1: 0, 2: 0, 3: 0, 4: 0}",1
274,False,"{'a': 0.09000000000032225, 'e': 0.004024562387267058}",30,20,20.64387225923964,"{0: 10, 1: 0, 2: 0, 3: 0, 4: 0}",1
275,False,"{'a': 0.09000000000029003, 'e': 0.003944071139521717}",20,0,34.56304553445204,"{0: 20, 1: 0, 2: 0, 3: 0, 4: 0}",1
276,False,"{'a': 0.09000000000026102, 'e': 0.0038651897167312817}",25,17,14.955827761997432,"{0: 8, 1: 0, 2: 0, 3: 0, 4: 0}",1
277,False,"{'a': 0.09000000000023492, 'e': 0.003787885922396656}",35,19,30.224705948750877,"{0: 16, 1: 0, 2: 0, 3: 0, 4: 0}",1
278,False,"{'a': 0.09000000000021142, 'e': 0.003712128203948723}",20,0,33.13460151225273,"{0: 20, 1: 0, 2: 0, 3: 0, 4: 0}",0
279,False,"{'a': 0.09000000000019029, 'e': 0.0036378856398697483}",25,12,20.256741950067457,"{0: 13, 1: 0, 2: 0, 3: 0, 4: 0}",1
280,False,"{'a': 0.09000000000017126, 'e': 0.0035651279270723533}",25,14,18.181374252952864,"{0: 11, 1: 0, 2: 0, 3: 0, 4: 0}",1
281,False,"{'a': 0.09000000000015414, 'e': 0.003493825368530906}",25,9,31.131059869669926,"{0: 16, 1: 0, 2: 0, 3: 0, 4: 0}",1
282,False,"{'a': 0.09000000000013872, 'e': 0.003423948861160288}",20,16,6.237601852462158,"{0: 4, 1: 0, 2: 0, 3: 0, 4: 0}",1
283,False,"{'a': 0.09000000000012484, 'e': 0.003355469883937082}",25,17,14.022581588114756,"{0: 8, 1: 0, 2: 0, 3: 0, 4: 0}",1
284,False,"{'a': 0.09000000000011237, 'e': 0.0032883604862583406}",20,0,33.04191865546345,"{0: 20, 1: 0, 2: 0, 3: 0, 4: 0}",1
285,False,"{'a': 0.09000000000010112, 'e': 0.0032225932765331737}",20,10,17.830475115665557,"{0: 10, 1: 0, 2: 0, 3: 0, 4: 0}",1
286,False,"{'a': 0.09000000000009101, 'e': 0.00315814141100251}",30,4,38.74448507128317,"{0: 26, 1: 0, 2: 0, 3: 0, 4: 0}",1
287,False,"{'a': 0.09000000000008192, 'e': 0.00309497858278246}",25,18,13.481716908665343,"{0: 7, 1: 0, 2: 0, 3: 0, 4: 0}",1
288,False,"{'a': 0.09000000000007372, 'e': 0.0030330790111268106}",25,8,26.847994732730122,"{0: 17, 1: 0, 2: 0, 3: 0, 4: 0}",1
289,False,"{'a': 0.09000000000006635, 'e': 0.0029724174309042743}",25,11,19.970321686170777,"{0: 14, 1: 0, 2: 0, 3: 0, 4: 0}",1
290,False,"{'a': 0.09000000000005971, 'e': 0.0029129690822861888}",25,11,24.027626523835945,"{0: 14, 1: 0, 2: 0, 3: 0, 4: 0}",1
291,False,"{'a': 0.09000000000005375, 'e': 0.002854709700640465}",25,13,22.286802805648996,"{0: 12, 1: 0, 2: 0, 3: 0, 4: 0}",1
292,False,"{'a': 0.09000000000004836, 'e': 0.0027976155066276555}",25,17,15.380618378372136,"{0: 8, 1: 0, 2: 0, 3: 0, 4: 0}",1
293,False,"{'a': 0.09000000000004353, 'e': 0.0027416631964951024}",20,10,12.879333503748663,"{0: 10, 1: 0, 2: 0, 3: 0, 4: 0}",1
294,False,"{'a': 0.09000000000003917, 'e': 0.0026868299325652004}",20,0,29.529952952118045,"{0: 20, 1: 0, 2: 0, 3: 0, 4: 0}",0
295,False,"{'a': 0.09000000000003526, 'e': 0.0026330933339138965}",25,11,24.29085945789534,"{0: 14, 1: 0, 2: 0, 3: 0, 4: 0}",1
296,False,"{'a': 0.09000000000003174, 'e': 0.0025804314672356185}",30,22,11.09448839173366,"{0: 8, 1: 0, 2: 0, 3: 0, 4: 0}",1
297,False,"{'a': 0.09000000000002856, 'e': 0.002528822837890906}",25,0,35.71199258858617,"{0: 25, 1: 0, 2: 0, 3: 0, 4: 0}",0
298,False,"{'a': 0.0900000000000257, 'e': 0.0024782463811330877}",25,13,17.815415283703327,"{0: 12, 1: 0, 2: 0, 3: 0, 4: 0}",1
299,False,"{'a': 0.09000000000002313, 'e': 0.002428681453510426}",20,12,14.838070416445369,"{0: 8, 1: 0, 2: 0, 3: 0, 4: 0}",1
300,False,"{'a': 0.09000000000002081, 'e': 0.0023801078244402173}",25,14,17.665966975499376,"{0: 11, 1: 0, 2: 0, 3: 0, 4: 0}",1
301,False,"{'a': 0.09000000000001873, 'e': 0.002332505667951413}",30,23,12.363490324959638,"{0: 7, 1: 0, 2: 0, 3: 0, 4: 0}",1
302,False,"{'a': 0.09000000000001686, 'e': 0.002285855554592385}",20,4,28.530841862645737,"{0: 16, 1: 0, 2: 0, 3: 0, 4: 0}",1
303,False,"{'a': 0.09000000000001518, 'e': 0.002240138443500537}",25,18,10.239185618195108,"{0: 7, 1: 0, 2: 0, 3: 0, 4: 0}",1
304,False,"{'a': 0.09000000000001365, 'e': 0.002195335674630526}",20,12,11.499874863968454,"{0: 8, 1: 0, 2: 0, 3: 0, 4: 0}",1
305,False,"{'a': 0.09000000000001229, 'e': 0.0021514289611379157}",30,20,20.249326117113434,"{0: 10, 1: 0, 2: 0, 3: 0, 4: 0}",1
306,False,"{'a': 0.09000000000001106, 'e': 0.0021084003819151573}",30,19,20.626843762914348,"{0: 11, 1: 0, 2: 0, 3: 0, 4: 0}",1
307,False,"{'a': 0.09000000000000996, 'e': 0.002066232374276854}",20,15,8.560560374240954,"{0: 5, 1: 0, 2: 0, 3: 0, 4: 0}",1
308,False,"{'a': 0.09000000000000896, 'e': 0.002024907726791317}",20,11,15.901905217399882,"{0: 9, 1: 0, 2: 0, 3: 0, 4: 0}",1
309,False,"{'a': 0.09000000000000806, 'e': 0.0019844095722554907}",25,16,14.842366899921233,"{0: 9, 1: 0, 2: 0, 3: 0, 4: 0}",1
310,False,"{'a': 0.09000000000000725, 'e': 0.0019447213808103808}",20,12,15.644179397801192,"{0: 8, 1: 0, 2: 0, 3: 0, 4: 0}",1
311,False,"{'a': 0.09000000000000653, 'e': 0.0019058269531941731}",20,13,14.466932817863498,"{0: 7, 1: 0, 2: 0, 3: 0, 4: 0}",1
312,False,"{'a': 0.09000000000000588, 'e': 0.0018677104141302896}",20,7,21.1984267553717,"{0: 13, 1: 0, 2: 0, 3: 0, 4: 0}",1
313,False,"{'a': 0.09000000000000528, 'e': 0.0018303562058476837}",20,6,25.562893876294734,"{0: 14, 1: 0, 2: 0, 3: 0, 4: 0}",1
314,False,"{'a': 0.09000000000000476, 'e': 0.0017937490817307301}",20,13,12.308762387667912,"{0: 7, 1: 0, 2: 0, 3: 0, 4: 0}",1
315,False,"{'a': 0.09000000000000428, 'e': 0.0017578741000961154}",20,7,24.752071335891728,"{0: 13, 1: 0, 2: 0, 3: 0, 4: 0}",1
316,False,"{'a': 0.09000000000000385, 'e': 0.001722716618094193}",35,17,29.33634864055194,"{0: 18, 1: 0, 2: 0, 3: 0, 4: 0}",1
317,False,"{'a': 0.09000000000000347, 'e': 0.0016882622857323092}",35,18,26.506347898970954,"{0: 17, 1: 0, 2: 0, 3: 0, 4: 0}",1
318,False,"{'a': 0.09000000000000312, 'e': 0.001654497040017663}",20,6,28.453702863768306,"{0: 14, 1: 0, 2: 0, 3: 0, 4: 0}",1
319,False,"{'a': 0.09000000000000281, 'e': 0.0016214070992173098}",20,10,14.40494218534006,"{0: 10, 1: 0, 2: 0, 3: 0, 4: 0}",1
320,False,"{'a': 0.09000000000000252, 'e': 0.0015889789572329635}",20,14,7.779584558441662,"{0: 6, 1: 0, 2: 0, 3: 0, 4: 0}",1
321,False,"{'a': 0.09000000000000227, 'e': 0.0015571993780883042}",20,9,17.421890098529143,"{0: 11, 1: 0, 2: 0, 3: 0, 4: 0}",1
322,False,"{'a': 0.09000000000000205, 'e': 0.001526055390526538}",25,19,8.80736899089735,"{0: 6, 1: 0, 2: 0, 3: 0, 4: 0}",1
323,False,"{'a': 0.09000000000000184, 'e': 0.0014955342827160073}",20,2,24.625669433546182,"{0: 18, 1: 0, 2: 0, 3: 0, 4: 0}",1
324,False,"{'a': 0.09000000000000166, 'e': 0.001465623597061687}",30,15,25.649853343621526,"{0: 15, 1: 0, 2: 0, 3: 0, 4: 0}",1
325,False,"{'a': 0.0900000000000015, 'e': 0.0014363111251204533}",25,14,20.755405620025414,"{0: 11, 1: 0, 2: 0, 3: 0, 4: 0}",1
326,False,"{'a': 0.09000000000000134, 'e': 0.0014075849026180442}",30,21,19.75165766919948,"{0: 9, 1: 0, 2: 0, 3: 0, 4: 0}",1
327,False,"{'a': 0.0900000000000012, 'e': 0.0013794332045656834}",20,5,31.05442527591429,"{0: 15, 1: 0, 2: 0, 3: 0, 4: 0}",1
328,False,"{'a': 0.09000000000000109, 'e': 0.0013518445404743697}",20,9,19.063792048617035,"{0: 11, 1: 0, 2: 0, 3: 0, 4: 0}",1
329,False,"{'a': 0.09000000000000098, 'e': 0.0013248076496648823}",20,3,31.961708195621554,"{0: 17, 1: 0, 2: 0, 3: 0, 4: 0}",1
330,False,"{'a': 0.09000000000000088, 'e': 0.0012983114966715846}",30,12,32.808213619732214,"{0: 18, 1: 0, 2: 0, 3: 0, 4: 0}",1
331,False,"{'a': 0.09000000000000079, 'e': 0.0012723452667381529}",20,14,11.999639230381721,"{0: 6, 1: 0, 2: 0, 3: 0, 4: 0}",1
332,False,"{'a': 0.09000000000000072, 'e': 0.0012468983614033898}",20,10,20.561956187528565,"{0: 10, 1: 0, 2: 0, 3: 0, 4: 0}",1
333,False,"{'a': 0.09000000000000064, 'e': 0.001221960394175322}",20,9,16.1424245257418,"{0: 11, 1: 0, 2: 0, 3: 0, 4: 0}",1
334,False,"{'a': 0.09000000000000058, 'e': 0.0011975211862918155}",30,2,41.77498119675851,"{0: 28, 1: 0, 2: 0, 3: 0, 4: 0}",1
335,False,"{'a': 0.09000000000000052, 'e': 0.0011735707625659792}",20,12,11.679221042310584,"{0: 8, 1: 0, 2: 0, 3: 0, 4: 0}",1
336,False,"{'a': 0.09000000000000047, 'e': 0.0011500993473146596}",25,11,22.066820156106854,"{0: 14, 1: 0, 2: 0, 3: 0, 4: 0}",1
337,False,"{'a': 0.09000000000000041, 'e': 0.0011270973603683663}",25,16,14.036346780294512,"{0: 9, 1: 0, 2: 0, 3: 0, 4: 0}",1
338,False,"{'a': 0.09000000000000037, 'e': 0.001104555413160999}",25,8,27.8197569911158,"{0: 17, 1: 0, 2: 0, 3: 0, 4: 0}",1
339,False,"{'a': 0.09000000000000034, 'e': 0.001082464304897779}",25,14,19.946137283673604,"{0: 11, 1: 0, 2: 0, 3: 0, 4: 0}",1
340,False,"{'a': 0.0900000000000003, 'e': 0.0010608150187998234}",20,16,5.075409414247879,"{0: 4, 1: 0, 2: 0, 3: 0, 4: 0}",1
341,False,"{'a': 0.09000000000000027, 'e': 0.0010395987184238268}",30,23,13.803506688683868,"{0: 7, 1: 0, 2: 0, 3: 0, 4: 0}",1
342,False,"{'a': 0.09000000000000025, 'e': 0.0010188067440553505}",30,7,32.601074985003166,"{0: 23, 1: 0, 2: 0, 3: 0, 4: 0}",1
343,False,"{'a': 0.09000000000000022, 'e': 0.0009984306091742434}",25,8,31.790348160841766,"{0: 17, 1: 0, 2: 0, 3: 0, 4: 0}",1
1,True,"{'a': 0, 'e': 0}",20,5,29.629170657479097,"{0: 15, 1: 0, 2: 0, 3: 0, 4: 0}",1
2,True,"{'a': 0, 'e': 0}",30,12,30.645846478381635,"{0: 18, 1: 0, 2: 0, 3: 0, 4: 0}",1
3,True,"{'a': 0, 'e': 0}",20,12,15.029817260009523,"{0: 8, 1: 0, 2: 0, 3: 0, 4: 0}",1
4,True,"{'a': 0, 'e': 0}",35,20,24.098605310281,"{0: 15, 1: 0, 2: 0, 3: 0, 4: 0}",1
5,True,"{'a': 0, 'e': 0}",30,13,30.52377203239942,"{0: 17, 1: 0, 2: 0, 3: 0, 4: 0}",1
6,True,"{'a': 0, 'e': 0}",25,16,15.837067059599491,"{0: 9, 1: 0, 2: 0, 3: 0, 4: 0}",1
7,True,"{'a': 0, 'e': 0}",20,0,31.867882838585693,"{0: 20, 1: 0, 2: 0, 3: 0, 4: 0}",0
8,True,"{'a': 0, 'e': 0}",25,15,17.67657204968429,"{0: 10, 1: 0, 2: 0, 3: 0, 4: 0}",1
9,True,"{'a': 0, 'e': 0}",20,9,18.052151690042507,"{0: 11, 1: 0, 2: 0, 3: 0, 4: 0}",1
10,True,"{'a': 0, 'e': 0}",35,18,29.12576996074736,"{0: 17, 1: 0, 2: 0, 3: 0, 4: 0}",1
11,True,"{'a': 0, 'e': 0}",25,11,19.521151984709316,"{0: 14, 1: 0, 2: 0, 3: 0, 4: 0}",1
12,True,"{'a': 0, 'e': 0}",20,10,13.438920107358594,"{0: 10, 1: 0, 2: 0, 3: 0, 4: 0}",1
13,True,"{'a': 0, 'e': 0}",30,22,15.671296492862153,"{0: 8, 1: 0, 2: 0, 3: 0, 4: 0}",1
14,True,"{'a': 0, 'e': 0}",20,13,13.195078845161309,"{0: 7, 1: 0, 2: 0, 3: 0, 4: 0}",1
15,True,"{'a': 0, 'e': 0}",30,22,19.08469824580462,"{0: 8, 1: 0, 2: 0, 3: 0, 4: 0}",1
16,True,"{'a': 0, 'e': 0}",30,21,13.791212985316156,"{0: 9, 1: 0, 2: 0, 3: 0, 4: 0}",1
17,True,"{'a': 0, 'e': 0}",20,9,15.399836311965686,"{0: 11, 1: 0, 2: 0, 3: 0, 4: 0}",1
18,True,"{'a': 0, 'e': 0}",25,12,22.279760760546864,"{0: 13, 1: 0, 2: 0, 3: 0, 4: 0}",1
19,True,"{'a': 0, 'e': 0}",20,6,23.901636443421022,"{0: 14, 1: 0, 2: 0, 3: 0, 4: 0}",1
20,True,"{'a': 0, 'e': 0}",25,11,19.914953263494333,"{0: 14, 1: 0, 2: 0, 3: 0, 4: 0}",1
21,True,"{'a': 0, 'e': 0}",25,7,28.544284517460135,"{0: 18, 1: 0, 2: 0, 3: 0, 4: 0}",1
22,True,"{'a': 0, 'e': 0}",25,10,24.679721169164374,"{0: 15, 1: 0, 2: 0, 3: 0, 4: 0}",1
23,True,"{'a': 0, 'e': 0}",25,5,31.985039862545445,"{0: 20, 1: 0, 2: 0, 3: 0, 4: 0}",1
24,True,"{'a': 0, 'e': 0}",20,8,24.327347326690234,"{0: 12, 1: 0, 2: 0, 3: 0, 4: 0}",1
25,True,"{'a': 0, 'e': 0}",20,10,17.522942958813363,"{0: 10, 1: 0, 2: 0, 3: 0, 4: 0}",1
26,True,"{'a': 0, 'e': 0}",20,11,12.046523552581062,"{0: 9, 1: 0, 2: 0, 3: 0, 4: 0}",1
27,True,"{'a': 0, 'e': 0}",20,16,8.935725183121807,"{0: 4, 1: 0, 2: 0, 3: 0, 4: 0}",1
28,True,"{'a': 0, 'e': 0}",25,6,26.623177204142564,"{0: 19, 1: 0, 2: 0, 3: 0, 4: 0}",1
29,True,"{'a': 0, 'e': 0}",25,12,25.77630090267935,"{0: 13, 1: 0, 2: 0, 3: 0, 4: 0}",1
30,True,"{'a': 0, 'e': 0}",20,14,10.267725651970373,"{0: 6, 1: 0, 2: 0, 3: 0, 4: 0}",1
31,True,"{'a': 0, 'e': 0}",25,6,27.299868253437545,"{0: 19, 1: 0, 2: 0, 3: 0, 4: 0}",1
32,True,"{'a': 0, 'e': 0}",25,7,29.79932518883758,"{0: 18, 1: 0, 2: 0, 3: 0, 4: 0}",1
33,True,"{'a': 0, 'e': 0}",25,11,27.027646906607313,"{0: 14, 1: 0, 2: 0, 3: 0, 4: 0}",1
34,True,"{'a': 0, 'e': 0}",25,15,14.551494046411012,"{0: 10, 1: 0, 2: 0, 3: 0, 4: 0}",1
35,True,"{'a': 0, 'e': 0}",25,9,27.224326362682373,"{0: 16, 1: 0, 2: 0, 3: 0, 4: 0}",1
36,True,"{'a': 0, 'e': 0}",20,14,9.52605462567793,"{0: 6, 1: 0, 2: 0, 3: 0, 4: 0}",1
37,True,"{'a': 0, 'e': 0}",25,10,23.36137121479382,"{0: 15, 1: 0, 2: 0, 3: 0, 4: 0}",1
38,True,"{'a': 0, 'e': 0}",20,3,25.293497917152067,"{0: 17, 1: 0, 2: 0, 3: 0, 4: 0}",1
39,True,"{'a': 0, 'e': 0}",20,12,15.422490552847114,"{0: 8, 1: 0, 2: 0, 3: 0, 4: 0}",1
40,True,"{'a': 0, 'e': 0}",20,10,18.646386124340026,"{0: 10, 1: 0, 2: 0, 3: 0, 4: 0}",1
41,True,"{'a': 0, 'e': 0}",20,14,11.30416162543901,"{0: 6, 1: 0, 2: 0, 3: 0, 4: 0}",1
42,True,"{'a': 0, 'e': 0}",20,15,11.422582244048257,"{0: 5, 1: 0, 2: 0, 3: 0, 4: 0}",1
43,True,"{'a': 0, 'e': 0}",25,10,23.23688842763332,"{0: 15, 1: 0, 2: 0, 3: 0, 4: 0}",1
44,True,"{'a': 0, 'e': 0}",30,13,29.573958930376186,"{0: 17, 1: 0, 2: 0, 3: 0, 4: 0}",1
45,True,"{'a': 0, 'e': 0}",30,14,31.658947570916034,"{0: 16, 1: 0, 2: 0, 3: 0, 4: 0}",1
46,True,"{'a': 0, 'e': 0}",20,4,31.514176238910693,"{0: 16, 1: 0, 2: 0, 3: 0, 4: 0}",1
47,True,"{'a': 0, 'e': 0}",20,12,14.281213797748048,"{0: 8, 1: 0, 2: 0, 3: 0, 4: 0}",1
48,True,"{'a': 0, 'e': 0}",25,10,27.662707759869935,"{0: 15, 1: 0, 2: 0, 3: 0, 4: 0}",1
49,True,"{'a': 0, 'e': 0}",20,16,3.90266219363214,"{0: 4, 1: 0, 2: 0, 3: 0, 4: 0}",1
50,True,"{'a': 0, 'e': 0}",20,13,11.660762172480998,"{0: 7, 1: 0, 2: 0, 3: 0, 4: 0}",1
51,True,"{'a': 0, 'e': 0}",25,16,17.30167216521928,"{0: 9, 1: 0, 2: 0, 3: 0, 4: 0}",1
52,True,"{'a': 0, 'e': 0}",20,12,12.706524199465669,"{0: 8, 1: 0, 2: 0, 3: 0, 4: 0}",1
53,True,"{'a': 0, 'e': 0}",20,10,16.918421676945734,"{0: 10, 1: 0, 2: 0, 3: 0, 4: 0}",1
54,True,"{'a': 0, 'e': 0}",20,8,23.219160432776928,"{0: 12, 1: 0, 2: 0, 3: 0, 4: 0}",1
55,True,"{'a': 0, 'e': 0}",20,14,10.265439262482127,"{0: 6, 1: 0, 2: 0, 3: 0, 4: 0}",1
56,True,"{'a': 0, 'e': 0}",20,6,24.055997713833108,"{0: 14, 1: 0, 2: 0, 3: 0, 4: 0}",1
57,True,"{'a': 0, 'e': 0}",25,13,19.646586518558323,"{0: 12, 1: 0, 2: 0, 3: 0, 4: 0}",1
58,True,"{'a': 0, 'e': 0}",30,21,13.920298137811173,"{0: 9, 1: 0, 2: 0, 3: 0, 4: 0}",1
59,True,"{'a': 0, 'e': 0}",25,15,20.045631267260905,"{0: 10, 1: 0, 2: 0, 3: 0, 4: 0}",1
60,True,"{'a': 0, 'e': 0}",20,11,15.182830737069008,"{0: 9, 1: 0, 2: 0, 3: 0, 4: 0}",1
61,True,"{'a': 0, 'e': 0}",25,20,9.087942145002593,"{0: 5, 1: 0, 2: 0, 3: 0, 4: 0}",1
62,True,"{'a': 0, 'e': 0}",20,7,25.259026422053026,"{0: 13, 1: 0, 2: 0, 3: 0, 4: 0}",1
63,True,"{'a': 0, 'e': 0}",20,12,13.962840615907918,"{0: 8, 1: 0, 2: 0, 3: 0, 4: 0}",1
64,True,"{'a': 0, 'e': 0}",20,9,22.662398586221222,"{0: 11, 1: 0, 2: 0, 3: 0, 4: 0}",1
65,True,"{'a': 0, 'e': 0}",30,18,23.06758950535688,"{0: 12, 1: 0, 2: 0, 3: 0, 4: 0}",1
66,True,"{'a': 0, 'e': 0}",20,10,18.153993840195678,"{0: 10, 1: 0, 2: 0, 3: 0, 4: 0}",1
67,True,"{'a': 0, 'e': 0}",20,3,24.130901426559664,"{0: 17, 1: 0, 2: 0, 3: 0, 4: 0}",1
68,True,"{'a': 0, 'e': 0}",25,8,35.120928973934845,"{0: 17, 1: 0, 2: 0, 3: 0, 4: 0}",1
69,True,"{'a': 0, 'e': 0}",20,8,22.363274991088794,"{0: 12, 1: 0, 2: 0, 3: 0, 4: 0}",1
70,True,"{'a': 0, 'e': 0}",30,18,20.303286603822215,"{0: 12, 1: 0, 2: 0, 3: 0, 4: 0}",1
71,True,"{'a': 0, 'e': 0}",20,10,16.165934254226414,"{0: 10, 1: 0, 2: 0, 3: 0, 4: 0}",1
72,True,"{'a': 0, 'e': 0}",25,15,17.992672297435398,"{0: 10, 1: 0, 2: 0, 3: 0, 4: 0}",1
73,True,"{'a': 0, 'e': 0}",20,6,24.174485768343843,"{0: 14, 1: 0, 2: 0, 3: 0, 4: 0}",1
74,True,"{'a': 0, 'e': 0}",25,6,27.80973476750853,"{0: 19, 1: 0, 2: 0, 3: 0, 4: 0}",1
75,True,"{'a': 0, 'e': 0}",25,9,28.439170015925328,"{0: 16, 1: 0, 2: 0, 3: 0, 4: 0}",1
76,True,"{'a': 0, 'e': 0}",20,12,14.11719978960285,"{0: 8, 1: 0, 2: 0, 3: 0, 4: 0}",1
77,True,"{'a': 0, 'e': 0}",25,9,23.26718460678062,"{0: 16, 1: 0, 2: 0, 3: 0, 4: 0}",1
78,True,"{'a': 0, 'e': 0}",20,10,15.351026213909673,"{0: 10, 1: 0, 2: 0, 3: 0, 4: 0}",1
79,True,"{'a': 0, 'e': 0}",25,10,30.674337415908205,"{0: 15, 1: 0, 2: 0, 3: 0, 4: 0}",1
80,True,"{'a': 0, 'e': 0}",25,7,29.804667774747646,"{0: 18, 1: 0, 2: 0, 3: 0, 4: 0}",1
81,True,"{'a': 0, 'e': 0}",25,9,30.414197215641142,"{0: 16, 1: 0, 2: 0, 3: 0, 4: 0}",1
82,True,"{'a': 0, 'e': 0}",20,4,22.99203403830271,"{0: 16, 1: 0, 2: 0, 3: 0, 4: 0}",1
83,True,"{'a': 0, 'e': 0}",30,14,28.65570179618681,"{0: 16, 1: 0, 2: 0, 3: 0, 4: 0}",1
84,True,"{'a': 0, 'e': 0}",25,11,26.72232711197519,"{0: 14, 1: 0, 2: 0, 3: 0, 4: 0}",1
85,True,"{'a': 0, 'e': 0}",20,9,19.17062633858624,"{0: 11, 1: 0, 2: 0, 3: 0, 4: 0}",1
86,True,"{'a': 0, 'e': 0}",25,20,9.993257551784602,"{0: 5, 1: 0, 2: 0, 3: 0, 4: 0}",1
87,True,"{'a': 0, 'e': 0}",20,2,30.276476459015196,"{0: 18, 1: 0, 2: 0, 3: 0, 4: 0}",1
88,True,"{'a': 0, 'e': 0}",35,25,18.001517631346047,"{0: 10, 1: 0, 2: 0, 3: 0, 4: 0}",1
89,True,"{'a': 0, 'e': 0}",20,13,12.066604142103923,"{0: 7, 1: 0, 2: 0, 3: 0, 4: 0}",1
90,True,"{'a': 0, 'e': 0}",20,0,31.179917515221135,"{0: 20, 1: 0, 2: 0, 3: 0, 4: 0}",0
91,True,"{'a': 0, 'e': 0}",25,11,25.464991997495485,"{0: 14, 1: 0, 2: 0, 3: 0, 4: 0}",1
92,True,"{'a': 0, 'e': 0}",25,8,25.143715734581164,"{0: 17, 1: 0, 2: 0, 3: 0, 4: 0}",1
93,True,"{'a': 0, 'e': 0}",30,21,15.910936189381255,"{0: 9, 1: 0, 2: 0, 3: 0, 4: 0}",1
94,True,"{'a': 0, 'e': 0}",20,10,19.695720540651827,"{0: 10, 1: 0, 2: 0, 3: 0, 4: 0}",1
95,True,"{'a': 0, 'e': 0}",25,17,11.233143347729118,"{0: 8, 1: 0, 2: 0, 3: 0, 4: 0}",1
96,True,"{'a': 0, 'e': 0}",20,5,25.351464436279457,"{0: 15, 1: 0, 2: 0, 3: 0, 4: 0}",1
97,True,"{'a': 0, 'e': 0}",20,9,18.185418369692975,"{0: 11, 1: 0, 2: 0, 3: 0, 4: 0}",1
98,True,"{'a': 0, 'e': 0}",30,17,23.196147474498595,"{0: 13, 1: 0, 2: 0, 3: 0, 4: 0}",1
99,True,"{'a': 0, 'e': 0}",20,12,11.8434051952787,"{0: 8, 1: 0, 2: 0, 3: 0, 4: 0}",1
100,True,"{'a': 0, 'e': 0}",25,11,23.347262691005696,"{0: 14, 1: 0, 2: 0, 3: 0, 4: 0}",1
